hour,weekday,lot_id,lot_name,class_density,event,occupancy_pct
0,0,0,P_CENTRAL,0,0,0.0
0,0,1,P_EAST,0,0,0.0616
0,0,2,P_NORTH,0,0,0.0734
0,0,3,P_SOUTH,0,0,0.0
0,0,4,P_WEST,0,0,0.0
1,0,0,P_CENTRAL,0,0,0.0492
1,0,1,P_EAST,0,0,0.0219
1,0,2,P_NORTH,0,0,0.0384
1,0,3,P_SOUTH,0,0,0.0
1,0,4,P_WEST,0,0,0.0661
2,0,0,P_CENTRAL,0,0,0.0855
2,0,1,P_EAST,0,0,0.0452
2,0,2,P_NORTH,0,0,0.0933
2,0,3,P_SOUTH,0,0,0.0534
2,0,4,P_WEST,0,0,0.0037
3,0,0,P_CENTRAL,0,0,0.0941
3,0,1,P_EAST,0,0,0.0238
3,0,2,P_NORTH,0,0,0.1055
3,0,3,P_SOUTH,0,0,0.0487
3,0,4,P_WEST,0,0,0.0482
4,0,0,P_CENTRAL,2,0,0.1806
4,0,1,P_EAST,2,0,0.097
4,0,2,P_NORTH,2,0,0.0996
4,0,3,P_SOUTH,2,0,0.0701
4,0,4,P_WEST,2,0,0.1136
5,0,0,P_CENTRAL,1,0,0.2413
5,0,1,P_EAST,1,0,0.1941
5,0,2,P_NORTH,1,0,0.2182
5,0,3,P_SOUTH,1,0,0.2305
5,0,4,P_WEST,1,0,0.1426
6,0,0,P_CENTRAL,3,0,0.3417
6,0,1,P_EAST,3,0,0.3179
6,0,2,P_NORTH,3,0,0.377
6,0,3,P_SOUTH,3,0,0.2347
6,0,4,P_WEST,3,0,0.2288
7,0,0,P_CENTRAL,6,0,0.537
7,0,1,P_EAST,6,0,0.4726
7,0,2,P_NORTH,6,0,0.5351
7,0,3,P_SOUTH,6,0,0.3861
7,0,4,P_WEST,6,0,0.373
8,0,0,P_CENTRAL,9,0,0.795
8,0,1,P_EAST,9,0,0.628
8,0,2,P_NORTH,9,0,0.7356
8,0,3,P_SOUTH,9,0,0.5141
8,0,4,P_WEST,9,0,0.5812
9,0,0,P_CENTRAL,10,0,0.9727
9,0,1,P_EAST,10,0,0.7716
9,0,2,P_NORTH,10,0,0.8853
9,0,3,P_SOUTH,10,0,0.5617
9,0,4,P_WEST,10,0,0.6672
10,0,0,P_CENTRAL,9,0,0.9444
10,0,1,P_EAST,9,0,0.749
10,0,2,P_NORTH,9,0,0.9198
10,0,3,P_SOUTH,9,0,0.5854
10,0,4,P_WEST,9,0,0.7187
11,0,0,P_CENTRAL,9,0,0.9027
11,0,1,P_EAST,9,0,0.7466
11,0,2,P_NORTH,9,0,0.8665
11,0,3,P_SOUTH,9,0,0.6434
11,0,4,P_WEST,9,0,0.7084
12,0,0,P_CENTRAL,10,0,0.9561
12,0,1,P_EAST,10,0,0.7415
12,0,2,P_NORTH,10,0,0.8943
12,0,3,P_SOUTH,10,0,0.6123
12,0,4,P_WEST,10,0,0.629
13,0,0,P_CENTRAL,8,0,0.9247
13,0,1,P_EAST,8,0,0.7232
13,0,2,P_NORTH,8,0,0.8799
13,0,3,P_SOUTH,8,0,0.6257
13,0,4,P_WEST,8,0,0.7076
14,0,0,P_CENTRAL,8,0,0.9763
14,0,1,P_EAST,8,0,0.785
14,0,2,P_NORTH,8,0,0.8476
14,0,3,P_SOUTH,8,0,0.6383
14,0,4,P_WEST,8,0,0.6535
15,0,0,P_CENTRAL,9,0,0.9555
15,0,1,P_EAST,9,0,0.7447
15,0,2,P_NORTH,9,0,0.8122
15,0,3,P_SOUTH,9,0,0.6395
15,0,4,P_WEST,9,0,0.6612
16,0,0,P_CENTRAL,8,0,0.7907
16,0,1,P_EAST,8,0,0.6223
16,0,2,P_NORTH,8,0,0.7106
16,0,3,P_SOUTH,8,0,0.4892
16,0,4,P_WEST,8,0,0.5239
17,0,0,P_CENTRAL,7,0,0.5786
17,0,1,P_EAST,7,0,0.3883
17,0,2,P_NORTH,7,0,0.4579
17,0,3,P_SOUTH,7,0,0.3189
17,0,4,P_WEST,7,0,0.3679
18,0,0,P_CENTRAL,3,0,0.4485
18,0,1,P_EAST,3,0,0.3646
18,0,2,P_NORTH,3,0,0.4817
18,0,3,P_SOUTH,3,0,0.2955
18,0,4,P_WEST,3,0,0.3693
19,0,0,P_CENTRAL,5,0,0.3758
19,0,1,P_EAST,5,0,0.3155
19,0,2,P_NORTH,5,0,0.3283
19,0,3,P_SOUTH,5,0,0.2505
19,0,4,P_WEST,5,0,0.3232
20,0,0,P_CENTRAL,4,0,0.3127
20,0,1,P_EAST,4,0,0.2409
20,0,2,P_NORTH,4,0,0.2381
20,0,3,P_SOUTH,4,0,0.1309
20,0,4,P_WEST,4,0,0.2099
21,0,0,P_CENTRAL,0,0,0.1418
21,0,1,P_EAST,0,0,0.137
21,0,2,P_NORTH,0,0,0.1454
21,0,3,P_SOUTH,0,0,0.1683
21,0,4,P_WEST,0,0,0.1047
22,0,0,P_CENTRAL,0,0,0.038
22,0,1,P_EAST,0,0,0.069
22,0,2,P_NORTH,0,0,0.0788
22,0,3,P_SOUTH,0,0,0.1048
22,0,4,P_WEST,0,0,0.0888
23,0,0,P_CENTRAL,0,0,0.0616
23,0,1,P_EAST,0,0,0.0956
23,0,2,P_NORTH,0,0,0.0
23,0,3,P_SOUTH,0,0,0.0047
23,0,4,P_WEST,0,0,0.0
0,1,0,P_CENTRAL,0,0,0.0
0,1,1,P_EAST,0,0,0.057
0,1,2,P_NORTH,0,0,0.0269
0,1,3,P_SOUTH,0,0,0.0
0,1,4,P_WEST,0,0,0.0
1,1,0,P_CENTRAL,0,0,0.0566
1,1,1,P_EAST,0,0,0.068
1,1,2,P_NORTH,0,0,0.1189
1,1,3,P_SOUTH,0,0,0.1447
1,1,4,P_WEST,0,0,0.0475
2,1,0,P_CENTRAL,0,0,0.0148
2,1,1,P_EAST,0,0,0.0
2,1,2,P_NORTH,0,0,0.0589
2,1,3,P_SOUTH,0,0,0.0022
2,1,4,P_WEST,0,0,0.0215
3,1,0,P_CENTRAL,0,0,0.0548
3,1,1,P_EAST,0,0,0.0565
3,1,2,P_NORTH,0,0,0.113
3,1,3,P_SOUTH,0,0,0.057
3,1,4,P_WEST,0,0,0.0493
4,1,0,P_CENTRAL,0,0,0.0647
4,1,1,P_EAST,0,0,0.0837
4,1,2,P_NORTH,0,0,0.1146
4,1,3,P_SOUTH,0,0,0.1549
4,1,4,P_WEST,0,0,0.0975
5,1,0,P_CENTRAL,1,0,0.266
5,1,1,P_EAST,1,0,0.1576
5,1,2,P_NORTH,1,0,0.1535
5,1,3,P_SOUTH,1,0,0.1063
5,1,4,P_WEST,1,0,0.1299
6,1,0,P_CENTRAL,4,0,0.3414
6,1,1,P_EAST,4,0,0.3268
6,1,2,P_NORTH,4,0,0.2957
6,1,3,P_SOUTH,4,0,0.2765
6,1,4,P_WEST,4,0,0.2778
7,1,0,P_CENTRAL,6,0,0.5637
7,1,1,P_EAST,6,0,0.445
7,1,2,P_NORTH,6,0,0.4792
7,1,3,P_SOUTH,6,0,0.3822
7,1,4,P_WEST,6,0,0.3814
8,1,0,P_CENTRAL,8,0,0.7392
8,1,1,P_EAST,8,0,0.6261
8,1,2,P_NORTH,8,0,0.7639
8,1,3,P_SOUTH,8,0,0.5116
8,1,4,P_WEST,8,0,0.5493
9,1,0,P_CENTRAL,9,0,0.9814
9,1,1,P_EAST,9,0,0.8122
9,1,2,P_NORTH,9,0,0.8688
9,1,3,P_SOUTH,9,0,0.6036
9,1,4,P_WEST,9,0,0.7243
10,1,0,P_CENTRAL,10,0,1.0
10,1,1,P_EAST,10,0,0.7673
10,1,2,P_NORTH,10,0,0.811
10,1,3,P_SOUTH,10,0,0.5653
10,1,4,P_WEST,10,0,0.746
11,1,0,P_CENTRAL,8,0,1.0
11,1,1,P_EAST,8,0,0.7528
11,1,2,P_NORTH,8,0,0.8447
11,1,3,P_SOUTH,8,0,0.6785
11,1,4,P_WEST,8,0,0.6357
12,1,0,P_CENTRAL,8,0,0.9957
12,1,1,P_EAST,8,0,0.7442
12,1,2,P_NORTH,8,0,0.8598
12,1,3,P_SOUTH,8,0,0.6135
12,1,4,P_WEST,8,0,0.6935
13,1,0,P_CENTRAL,8,0,1.0
13,1,1,P_EAST,8,0,0.7636
13,1,2,P_NORTH,8,0,0.8858
13,1,3,P_SOUTH,8,0,0.538
13,1,4,P_WEST,8,0,0.6781
14,1,0,P_CENTRAL,10,0,0.9212
14,1,1,P_EAST,10,0,0.7249
14,1,2,P_NORTH,10,0,0.8466
14,1,3,P_SOUTH,10,0,0.6566
14,1,4,P_WEST,10,0,0.6269
15,1,0,P_CENTRAL,10,0,0.9712
15,1,1,P_EAST,10,0,0.7406
15,1,2,P_NORTH,10,0,0.8469
15,1,3,P_SOUTH,10,0,0.6601
15,1,4,P_WEST,10,0,0.7015
16,1,0,P_CENTRAL,6,0,0.7653
16,1,1,P_EAST,6,0,0.5767
16,1,2,P_NORTH,6,0,0.6751
16,1,3,P_SOUTH,6,0,0.5028
16,1,4,P_WEST,6,0,0.5479
17,1,0,P_CENTRAL,8,0,0.5384
17,1,1,P_EAST,8,0,0.4594
17,1,2,P_NORTH,8,0,0.5249
17,1,3,P_SOUTH,8,0,0.4725
17,1,4,P_WEST,8,0,0.4829
18,1,0,P_CENTRAL,2,0,0.4732
18,1,1,P_EAST,2,0,0.3212
18,1,2,P_NORTH,2,0,0.4061
18,1,3,P_SOUTH,2,0,0.3224
18,1,4,P_WEST,2,0,0.388
19,1,0,P_CENTRAL,5,0,0.3839
19,1,1,P_EAST,5,0,0.2975
19,1,2,P_NORTH,5,0,0.2804
19,1,3,P_SOUTH,5,0,0.2575
19,1,4,P_WEST,5,0,0.2471
20,1,0,P_CENTRAL,5,0,0.3838
20,1,1,P_EAST,5,0,0.2102
20,1,2,P_NORTH,5,0,0.2268
20,1,3,P_SOUTH,5,0,0.185
20,1,4,P_WEST,5,0,0.1367
21,1,0,P_CENTRAL,2,0,0.1043
21,1,1,P_EAST,2,0,0.2129
21,1,2,P_NORTH,2,0,0.093
21,1,3,P_SOUTH,2,0,0.0603
21,1,4,P_WEST,2,0,0.1877
22,1,0,P_CENTRAL,0,0,0.1952
22,1,1,P_EAST,0,0,0.015
22,1,2,P_NORTH,0,0,0.0553
22,1,3,P_SOUTH,0,0,0.0641
22,1,4,P_WEST,0,0,0.1245
23,1,0,P_CENTRAL,0,0,0.0079
23,1,1,P_EAST,0,0,0.0273
23,1,2,P_NORTH,0,0,0.0731
23,1,3,P_SOUTH,0,0,0.0476
23,1,4,P_WEST,0,0,0.0181
0,2,0,P_CENTRAL,0,0,0.0
0,2,1,P_EAST,0,0,0.0221
0,2,2,P_NORTH,0,0,0.0251
0,2,3,P_SOUTH,0,0,0.0351
0,2,4,P_WEST,0,0,0.0061
1,2,0,P_CENTRAL,0,0,0.0629
1,2,1,P_EAST,0,0,0.075
1,2,2,P_NORTH,0,0,0.0453
1,2,3,P_SOUTH,0,0,0.0422
1,2,4,P_WEST,0,0,0.033
2,2,0,P_CENTRAL,0,0,0.0544
2,2,1,P_EAST,0,0,0.0137
2,2,2,P_NORTH,0,0,0.0609
2,2,3,P_SOUTH,0,0,0.0309
2,2,4,P_WEST,0,0,0.1218
3,2,0,P_CENTRAL,0,0,0.1422
3,2,1,P_EAST,0,0,0.0776
3,2,2,P_NORTH,0,0,0.0398
3,2,3,P_SOUTH,0,0,0.0062
3,2,4,P_WEST,0,0,0.1032
4,2,0,P_CENTRAL,0,0,0.1509
4,2,1,P_EAST,0,0,0.0334
4,2,2,P_NORTH,0,0,0.1539
4,2,3,P_SOUTH,0,0,0.1024
4,2,4,P_WEST,0,0,0.0479
5,2,0,P_CENTRAL,0,0,0.2078
5,2,1,P_EAST,0,0,0.1881
5,2,2,P_NORTH,0,0,0.203
5,2,3,P_SOUTH,0,0,0.1332
5,2,4,P_WEST,0,0,0.1547
6,2,0,P_CENTRAL,5,0,0.3804
6,2,1,P_EAST,5,0,0.3521
6,2,2,P_NORTH,5,0,0.2291
6,2,3,P_SOUTH,5,0,0.2297
6,2,4,P_WEST,5,0,0.2694
7,2,0,P_CENTRAL,7,0,0.5818
7,2,1,P_EAST,7,0,0.4317
7,2,2,P_NORTH,7,0,0.4351
7,2,3,P_SOUTH,7,0,0.3774
7,2,4,P_WEST,7,0,0.4687
8,2,0,P_CENTRAL,9,0,0.8249
8,2,1,P_EAST,9,0,0.6061
8,2,2,P_NORTH,9,0,0.6982
8,2,3,P_SOUTH,9,0,0.463
8,2,4,P_WEST,9,0,0.5407
9,2,0,P_CENTRAL,9,0,1.0
9,2,1,P_EAST,9,0,0.7833
9,2,2,P_NORTH,9,0,0.9293
9,2,3,P_SOUTH,9,0,0.6671
9,2,4,P_WEST,9,0,0.6976
10,2,0,P_CENTRAL,10,0,0.9876
10,2,1,P_EAST,10,0,0.7931
10,2,2,P_NORTH,10,0,0.8481
10,2,3,P_SOUTH,10,0,0.6227
10,2,4,P_WEST,10,0,0.6521
11,2,0,P_CENTRAL,10,0,1.0
11,2,1,P_EAST,10,0,0.7129
11,2,2,P_NORTH,10,0,0.8913
11,2,3,P_SOUTH,10,0,0.6124
11,2,4,P_WEST,10,0,0.7268
12,2,0,P_CENTRAL,9,0,1.0
12,2,1,P_EAST,9,0,0.7892
12,2,2,P_NORTH,9,0,0.7971
12,2,3,P_SOUTH,9,0,0.6173
12,2,4,P_WEST,9,0,0.6331
13,2,0,P_CENTRAL,8,0,0.9493
13,2,1,P_EAST,8,0,0.8204
13,2,2,P_NORTH,8,0,0.8855
13,2,3,P_SOUTH,8,0,0.592
13,2,4,P_WEST,8,0,0.6395
14,2,0,P_CENTRAL,8,0,0.9213
14,2,1,P_EAST,8,0,0.7332
14,2,2,P_NORTH,8,0,0.8725
14,2,3,P_SOUTH,8,0,0.6662
14,2,4,P_WEST,8,0,0.7044
15,2,0,P_CENTRAL,8,0,0.8783
15,2,1,P_EAST,8,0,0.7722
15,2,2,P_NORTH,8,0,0.8629
15,2,3,P_SOUTH,8,0,0.6366
15,2,4,P_WEST,8,0,0.7446
16,2,0,P_CENTRAL,5,0,0.7479
16,2,1,P_EAST,5,0,0.6281
16,2,2,P_NORTH,5,0,0.6208
16,2,3,P_SOUTH,5,0,0.5522
16,2,4,P_WEST,5,0,0.5556
17,2,0,P_CENTRAL,7,0,0.6156
17,2,1,P_EAST,7,0,0.433
17,2,2,P_NORTH,7,0,0.5483
17,2,3,P_SOUTH,7,0,0.4146
17,2,4,P_WEST,7,0,0.4171
18,2,0,P_CENTRAL,5,0,0.4955
18,2,1,P_EAST,5,0,0.3452
18,2,2,P_NORTH,5,0,0.4238
18,2,3,P_SOUTH,5,0,0.3037
18,2,4,P_WEST,5,0,0.3551
19,2,0,P_CENTRAL,5,0,0.4531
19,2,1,P_EAST,5,0,0.2813
19,2,2,P_NORTH,5,0,0.3613
19,2,3,P_SOUTH,5,0,0.3233
19,2,4,P_WEST,5,0,0.2599
20,2,0,P_CENTRAL,5,0,0.3034
20,2,1,P_EAST,5,0,0.2652
20,2,2,P_NORTH,5,0,0.2623
20,2,3,P_SOUTH,5,0,0.2419
20,2,4,P_WEST,5,0,0.2413
21,2,0,P_CENTRAL,2,0,0.1967
21,2,1,P_EAST,2,0,0.1499
21,2,2,P_NORTH,2,0,0.2376
21,2,3,P_SOUTH,2,0,0.096
21,2,4,P_WEST,2,0,0.0341
22,2,0,P_CENTRAL,0,0,0.1431
22,2,1,P_EAST,0,0,0.0436
22,2,2,P_NORTH,0,0,0.0743
22,2,3,P_SOUTH,0,0,0.1028
22,2,4,P_WEST,0,0,0.0
23,2,0,P_CENTRAL,0,0,0.0
23,2,1,P_EAST,0,0,0.0
23,2,2,P_NORTH,0,0,0.0102
23,2,3,P_SOUTH,0,0,0.0478
23,2,4,P_WEST,0,0,0.0541
0,3,0,P_CENTRAL,0,0,0.0
0,3,1,P_EAST,0,0,0.0
0,3,2,P_NORTH,0,0,0.0379
0,3,3,P_SOUTH,0,0,0.0069
0,3,4,P_WEST,0,0,0.0466
1,3,0,P_CENTRAL,0,0,0.0719
1,3,1,P_EAST,0,0,0.0399
1,3,2,P_NORTH,0,0,0.0693
1,3,3,P_SOUTH,0,0,0.0372
1,3,4,P_WEST,0,0,0.0519
2,3,0,P_CENTRAL,0,0,0.0255
2,3,1,P_EAST,0,0,0.0349
2,3,2,P_NORTH,0,0,0.0555
2,3,3,P_SOUTH,0,0,0.0672
2,3,4,P_WEST,0,0,0.0219
3,3,0,P_CENTRAL,0,0,0.0985
3,3,1,P_EAST,0,0,0.0502
3,3,2,P_NORTH,0,0,0.0642
3,3,3,P_SOUTH,0,0,0.0828
3,3,4,P_WEST,0,0,0.0
4,3,0,P_CENTRAL,2,0,0.0687
4,3,1,P_EAST,2,0,0.0069
4,3,2,P_NORTH,2,0,0.0863
4,3,3,P_SOUTH,2,0,0.1118
4,3,4,P_WEST,2,0,0.0783
5,3,0,P_CENTRAL,2,0,0.227
5,3,1,P_EAST,2,0,0.2153
5,3,2,P_NORTH,2,0,0.2474
5,3,3,P_SOUTH,2,0,0.1373
5,3,4,P_WEST,2,0,0.2078
6,3,0,P_CENTRAL,4,0,0.3273
6,3,1,P_EAST,4,0,0.2589
6,3,2,P_NORTH,4,0,0.2607
6,3,3,P_SOUTH,4,0,0.1951
6,3,4,P_WEST,4,0,0.2386
7,3,0,P_CENTRAL,7,0,0.5809
7,3,1,P_EAST,7,0,0.4988
7,3,2,P_NORTH,7,0,0.4312
7,3,3,P_SOUTH,7,0,0.3665
7,3,4,P_WEST,7,0,0.3431
8,3,0,P_CENTRAL,5,0,0.755
8,3,1,P_EAST,5,0,0.5224
8,3,2,P_NORTH,5,0,0.7112
8,3,3,P_SOUTH,5,0,0.4617
8,3,4,P_WEST,5,0,0.5116
9,3,0,P_CENTRAL,8,0,0.9195
9,3,1,P_EAST,8,0,0.7278
9,3,2,P_NORTH,8,0,0.8703
9,3,3,P_SOUTH,8,0,0.6075
9,3,4,P_WEST,8,0,0.6878
10,3,0,P_CENTRAL,9,0,1.0
10,3,1,P_EAST,9,0,0.7463
10,3,2,P_NORTH,9,0,0.8009
10,3,3,P_SOUTH,9,0,0.6627
10,3,4,P_WEST,9,0,0.6667
11,3,0,P_CENTRAL,8,0,1.0
11,3,1,P_EAST,8,0,0.7753
11,3,2,P_NORTH,8,0,0.8548
11,3,3,P_SOUTH,8,0,0.634
11,3,4,P_WEST,8,0,0.758
12,3,0,P_CENTRAL,8,0,0.9728
12,3,1,P_EAST,8,0,0.7664
12,3,2,P_NORTH,8,0,0.903
12,3,3,P_SOUTH,8,0,0.5862
12,3,4,P_WEST,8,0,0.6933
13,3,0,P_CENTRAL,8,0,0.969
13,3,1,P_EAST,8,0,0.7726
13,3,2,P_NORTH,8,0,0.8267
13,3,3,P_SOUTH,8,0,0.5564
13,3,4,P_WEST,8,0,0.5971
14,3,0,P_CENTRAL,9,0,0.9517
14,3,1,P_EAST,9,0,0.7483
14,3,2,P_NORTH,9,0,0.9375
14,3,3,P_SOUTH,9,0,0.6642
14,3,4,P_WEST,9,0,0.6415
15,3,0,P_CENTRAL,8,0,0.9839
15,3,1,P_EAST,8,0,0.7437
15,3,2,P_NORTH,8,0,0.8486
15,3,3,P_SOUTH,8,0,0.6274
15,3,4,P_WEST,8,0,0.7048
16,3,0,P_CENTRAL,5,0,0.7848
16,3,1,P_EAST,5,0,0.5358
16,3,2,P_NORTH,5,0,0.6583
16,3,3,P_SOUTH,5,0,0.5783
16,3,4,P_WEST,5,0,0.5292
17,3,0,P_CENTRAL,8,0,0.6174
17,3,1,P_EAST,8,0,0.4425
17,3,2,P_NORTH,8,0,0.5198
17,3,3,P_SOUTH,8,0,0.3557
17,3,4,P_WEST,8,0,0.3858
18,3,0,P_CENTRAL,3,0,0.4841
18,3,1,P_EAST,3,0,0.3317
18,3,2,P_NORTH,3,0,0.4405
18,3,3,P_SOUTH,3,0,0.3418
18,3,4,P_WEST,3,0,0.3419
19,3,0,P_CENTRAL,5,0,0.3867
19,3,1,P_EAST,5,0,0.3301
19,3,2,P_NORTH,5,0,0.3406
19,3,3,P_SOUTH,5,0,0.2919
19,3,4,P_WEST,5,0,0.2058
20,3,0,P_CENTRAL,2,0,0.2055
20,3,1,P_EAST,2,0,0.1636
20,3,2,P_NORTH,2,0,0.3073
20,3,3,P_SOUTH,2,0,0.218
20,3,4,P_WEST,2,0,0.1711
21,3,0,P_CENTRAL,0,0,0.0979
21,3,1,P_EAST,0,0,0.0052
21,3,2,P_NORTH,0,0,0.1184
21,3,3,P_SOUTH,0,0,0.1978
21,3,4,P_WEST,0,0,0.1282
22,3,0,P_CENTRAL,0,0,0.055
22,3,1,P_EAST,0,0,0.0792
22,3,2,P_NORTH,0,0,0.0061
22,3,3,P_SOUTH,0,0,0.0375
22,3,4,P_WEST,0,0,0.0582
23,3,0,P_CENTRAL,0,0,0.0435
23,3,1,P_EAST,0,0,0.0684
23,3,2,P_NORTH,0,0,0.0554
23,3,3,P_SOUTH,0,0,0.0568
23,3,4,P_WEST,0,0,0.0054
0,4,0,P_CENTRAL,0,0,0.1052
0,4,1,P_EAST,0,0,0.0
0,4,2,P_NORTH,0,0,0.0
0,4,3,P_SOUTH,0,0,0.0791
0,4,4,P_WEST,0,0,0.0204
1,4,0,P_CENTRAL,0,0,0.0993
1,4,1,P_EAST,0,0,0.0161
1,4,2,P_NORTH,0,0,0.0964
1,4,3,P_SOUTH,0,0,0.0328
1,4,4,P_WEST,0,0,0.0406
2,4,0,P_CENTRAL,0,0,0.1141
2,4,1,P_EAST,0,0,0.0259
2,4,2,P_NORTH,0,0,0.0081
2,4,3,P_SOUTH,0,0,0.015
2,4,4,P_WEST,0,0,0.0542
3,4,0,P_CENTRAL,0,0,0.0094
3,4,1,P_EAST,0,0,0.0819
3,4,2,P_NORTH,0,0,0.0423
3,4,3,P_SOUTH,0,0,0.0919
3,4,4,P_WEST,0,0,0.0
4,4,0,P_CENTRAL,0,0,0.0475
4,4,1,P_EAST,0,0,0.057
4,4,2,P_NORTH,0,0,0.1119
4,4,3,P_SOUTH,0,0,0.0663
4,4,4,P_WEST,0,0,0.0705
5,4,0,P_CENTRAL,0,0,0.1865
5,4,1,P_EAST,0,0,0.1592
5,4,2,P_NORTH,0,0,0.1306
5,4,3,P_SOUTH,0,0,0.1515
5,4,4,P_WEST,0,0,0.1617
6,4,0,P_CENTRAL,5,0,0.3361
6,4,1,P_EAST,5,0,0.2578
6,4,2,P_NORTH,5,0,0.3597
6,4,3,P_SOUTH,5,0,0.1971
6,4,4,P_WEST,5,0,0.2078
7,4,0,P_CENTRAL,5,0,0.4442
7,4,1,P_EAST,5,0,0.3304
7,4,2,P_NORTH,5,0,0.3708
7,4,3,P_SOUTH,5,0,0.2677
7,4,4,P_WEST,5,0,0.3297
8,4,0,P_CENTRAL,8,0,0.6571
8,4,1,P_EAST,8,0,0.4826
8,4,2,P_NORTH,8,0,0.6168
8,4,3,P_SOUTH,8,0,0.4483
8,4,4,P_WEST,8,0,0.4528
9,4,0,P_CENTRAL,10,0,0.8015
9,4,1,P_EAST,10,0,0.6704
9,4,2,P_NORTH,10,0,0.7413
9,4,3,P_SOUTH,10,0,0.4711
9,4,4,P_WEST,10,0,0.5775
10,4,0,P_CENTRAL,9,0,0.933
10,4,1,P_EAST,9,0,0.7668
10,4,2,P_NORTH,9,0,0.8009
10,4,3,P_SOUTH,9,0,0.6728
10,4,4,P_WEST,9,0,0.7292
11,4,0,P_CENTRAL,8,0,0.9599
11,4,1,P_EAST,8,0,0.7745
11,4,2,P_NORTH,8,0,0.7636
11,4,3,P_SOUTH,8,0,0.5737
11,4,4,P_WEST,8,0,0.6682
12,4,0,P_CENTRAL,9,0,0.9986
12,4,1,P_EAST,9,0,0.8399
12,4,2,P_NORTH,9,0,0.8129
12,4,3,P_SOUTH,9,0,0.5865
12,4,4,P_WEST,9,0,0.6894
13,4,0,P_CENTRAL,10,0,1.0
13,4,1,P_EAST,10,0,0.7111
13,4,2,P_NORTH,10,0,0.87
13,4,3,P_SOUTH,10,0,0.6929
13,4,4,P_WEST,10,0,0.6139
14,4,0,P_CENTRAL,8,0,0.9531
14,4,1,P_EAST,8,0,0.7392
14,4,2,P_NORTH,8,0,0.8925
14,4,3,P_SOUTH,8,0,0.6297
14,4,4,P_WEST,8,0,0.609
15,4,0,P_CENTRAL,8,0,0.8105
15,4,1,P_EAST,8,0,0.5958
15,4,2,P_NORTH,8,0,0.7513
15,4,3,P_SOUTH,8,0,0.4798
15,4,4,P_WEST,8,0,0.5283
16,4,0,P_CENTRAL,6,0,0.5934
16,4,1,P_EAST,6,0,0.4589
16,4,2,P_NORTH,6,0,0.4316
16,4,3,P_SOUTH,6,0,0.3813
16,4,4,P_WEST,6,0,0.3532
17,4,0,P_CENTRAL,5,0,0.4063
17,4,1,P_EAST,5,0,0.254
17,4,2,P_NORTH,5,0,0.3697
17,4,3,P_SOUTH,5,0,0.2214
17,4,4,P_WEST,5,0,0.2269
18,4,0,P_CENTRAL,3,0,0.317
18,4,1,P_EAST,3,0,0.2163
18,4,2,P_NORTH,3,0,0.3306
18,4,3,P_SOUTH,3,0,0.1788
18,4,4,P_WEST,3,0,0.2168
19,4,0,P_CENTRAL,2,0,0.2528
19,4,1,P_EAST,2,0,0.1648
19,4,2,P_NORTH,2,0,0.2334
19,4,3,P_SOUTH,2,0,0.1334
19,4,4,P_WEST,2,0,0.1532
20,4,0,P_CENTRAL,1,0,0.1178
20,4,1,P_EAST,1,0,0.0284
20,4,2,P_NORTH,1,0,0.2058
20,4,3,P_SOUTH,1,0,0.2039
20,4,4,P_WEST,1,0,0.0956
21,4,0,P_CENTRAL,0,0,0.0041
21,4,1,P_EAST,0,0,0.0515
21,4,2,P_NORTH,0,0,0.0609
21,4,3,P_SOUTH,0,0,0.0445
21,4,4,P_WEST,0,0,0.0127
22,4,0,P_CENTRAL,0,0,0.0605
22,4,1,P_EAST,0,0,0.0502
22,4,2,P_NORTH,0,0,0.0
22,4,3,P_SOUTH,0,0,0.0518
22,4,4,P_WEST,0,0,0.1083
23,4,0,P_CENTRAL,0,0,0.0279
23,4,1,P_EAST,0,0,0.003
23,4,2,P_NORTH,0,0,0.013
23,4,3,P_SOUTH,0,0,0.0381
23,4,4,P_WEST,0,0,0.0
0,5,0,P_CENTRAL,0,0,0.0378
0,5,1,P_EAST,0,0,0.0088
0,5,2,P_NORTH,0,0,0.1016
0,5,3,P_SOUTH,0,0,0.013
0,5,4,P_WEST,0,0,0.0886
1,5,0,P_CENTRAL,0,0,0.0
1,5,1,P_EAST,0,0,0.0501
1,5,2,P_NORTH,0,0,0.0429
1,5,3,P_SOUTH,0,0,0.0
1,5,4,P_WEST,0,0,0.0309
2,5,0,P_CENTRAL,0,0,0.0883
2,5,1,P_EAST,0,0,0.0182
2,5,2,P_NORTH,0,0,0.0
2,5,3,P_SOUTH,0,0,0.0247
2,5,4,P_WEST,0,0,0.0
3,5,0,P_CENTRAL,0,0,0.0368
3,5,1,P_EAST,0,0,0.0363
3,5,2,P_NORTH,0,0,0.0
3,5,3,P_SOUTH,0,0,0.0
3,5,4,P_WEST,0,0,0.0547
4,5,0,P_CENTRAL,0,0,0.0476
4,5,1,P_EAST,0,0,0.0
4,5,2,P_NORTH,0,0,0.0921
4,5,3,P_SOUTH,0,0,0.0547
4,5,4,P_WEST,0,0,0.0195
5,5,0,P_CENTRAL,0,0,0.0434
5,5,1,P_EAST,0,0,0.1087
5,5,2,P_NORTH,0,0,0.0991
5,5,3,P_SOUTH,0,0,0.1567
5,5,4,P_WEST,0,0,0.0841
6,5,0,P_CENTRAL,0,0,0.1495
6,5,1,P_EAST,0,0,0.0983
6,5,2,P_NORTH,0,0,0.1515
6,5,3,P_SOUTH,0,0,0.1106
6,5,4,P_WEST,0,0,0.144
7,5,0,P_CENTRAL,0,0,0.1597
7,5,1,P_EAST,0,0,0.124
7,5,2,P_NORTH,0,0,0.1409
7,5,3,P_SOUTH,0,0,0.147
7,5,4,P_WEST,0,0,0.1865
8,5,0,P_CENTRAL,0,0,0.2123
8,5,1,P_EAST,0,0,0.1637
8,5,2,P_NORTH,0,0,0.217
8,5,3,P_SOUTH,0,0,0.1376
8,5,4,P_WEST,0,0,0.1998
9,5,0,P_CENTRAL,0,0,0.1862
9,5,1,P_EAST,0,0,0.1834
9,5,2,P_NORTH,0,0,0.2136
9,5,3,P_SOUTH,0,0,0.0838
9,5,4,P_WEST,0,0,0.1551
10,5,0,P_CENTRAL,0,0,0.2719
10,5,1,P_EAST,0,0,0.2336
10,5,2,P_NORTH,0,0,0.318
10,5,3,P_SOUTH,0,0,0.1874
10,5,4,P_WEST,0,0,0.175
11,5,0,P_CENTRAL,0,0,0.3178
11,5,1,P_EAST,0,0,0.2928
11,5,2,P_NORTH,0,0,0.2448
11,5,3,P_SOUTH,0,0,0.1682
11,5,4,P_WEST,0,0,0.2467
12,5,0,P_CENTRAL,0,0,0.2996
12,5,1,P_EAST,0,0,0.2676
12,5,2,P_NORTH,0,0,0.2729
12,5,3,P_SOUTH,0,0,0.2252
12,5,4,P_WEST,0,0,0.1748
13,5,0,P_CENTRAL,0,0,0.2758
13,5,1,P_EAST,0,0,0.208
13,5,2,P_NORTH,0,0,0.1963
13,5,3,P_SOUTH,0,0,0.114
13,5,4,P_WEST,0,0,0.2211
14,5,0,P_CENTRAL,0,0,0.2166
14,5,1,P_EAST,0,0,0.1398
14,5,2,P_NORTH,0,0,0.2006
14,5,3,P_SOUTH,0,0,0.1925
14,5,4,P_WEST,0,0,0.0705
15,5,0,P_CENTRAL,0,0,0.1207
15,5,1,P_EAST,0,0,0.1045
15,5,2,P_NORTH,0,0,0.2185
15,5,3,P_SOUTH,0,0,0.1267
15,5,4,P_WEST,0,0,0.1573
16,5,0,P_CENTRAL,0,0,0.0884
16,5,1,P_EAST,0,0,0.0602
16,5,2,P_NORTH,0,0,0.1367
16,5,3,P_SOUTH,0,0,0.088
16,5,4,P_WEST,0,0,0.1159
17,5,0,P_CENTRAL,0,0,0.0885
17,5,1,P_EAST,0,0,0.0864
17,5,2,P_NORTH,0,0,0.0915
17,5,3,P_SOUTH,0,0,0.0925
17,5,4,P_WEST,0,0,0.0996
18,5,0,P_CENTRAL,0,0,0.0037
18,5,1,P_EAST,0,0,0.0
18,5,2,P_NORTH,0,0,0.1008
18,5,3,P_SOUTH,0,0,0.0913
18,5,4,P_WEST,0,0,0.0072
19,5,0,P_CENTRAL,0,0,0.0
19,5,1,P_EAST,0,0,0.0435
19,5,2,P_NORTH,0,0,0.082
19,5,3,P_SOUTH,0,0,0.1042
19,5,4,P_WEST,0,0,0.056
20,5,0,P_CENTRAL,0,0,0.0249
20,5,1,P_EAST,0,0,0.0
20,5,2,P_NORTH,0,0,0.0357
20,5,3,P_SOUTH,0,0,0.0134
20,5,4,P_WEST,0,0,0.0
21,5,0,P_CENTRAL,0,0,0.116
21,5,1,P_EAST,0,0,0.0981
21,5,2,P_NORTH,0,0,0.0756
21,5,3,P_SOUTH,0,0,0.0
21,5,4,P_WEST,0,0,0.058
22,5,0,P_CENTRAL,0,0,0.0568
22,5,1,P_EAST,0,0,0.0421
22,5,2,P_NORTH,0,0,0.0776
22,5,3,P_SOUTH,0,0,0.0453
22,5,4,P_WEST,0,0,0.0515
23,5,0,P_CENTRAL,0,0,0.0554
23,5,1,P_EAST,0,0,0.0371
23,5,2,P_NORTH,0,0,0.0
23,5,3,P_SOUTH,0,0,0.0225
23,5,4,P_WEST,0,0,0.0
0,6,0,P_CENTRAL,0,0,0.0
0,6,1,P_EAST,0,0,0.075
0,6,2,P_NORTH,0,0,0.0779
0,6,3,P_SOUTH,0,0,0.0607
0,6,4,P_WEST,0,0,0.0171
1,6,0,P_CENTRAL,0,0,0.0642
1,6,1,P_EAST,0,0,0.0084
1,6,2,P_NORTH,0,0,0.0171
1,6,3,P_SOUTH,0,0,0.0
1,6,4,P_WEST,0,0,0.023
2,6,0,P_CENTRAL,0,0,0.0134
2,6,1,P_EAST,0,0,0.0
2,6,2,P_NORTH,0,0,0.0077
2,6,3,P_SOUTH,0,0,0.0038
2,6,4,P_WEST,0,0,0.0796
3,6,0,P_CENTRAL,0,0,0.0488
3,6,1,P_EAST,0,0,0.0107
3,6,2,P_NORTH,0,0,0.0215
3,6,3,P_SOUTH,0,0,0.0101
3,6,4,P_WEST,0,0,0.001
4,6,0,P_CENTRAL,0,0,0.0
4,6,1,P_EAST,0,0,0.0076
4,6,2,P_NORTH,0,0,0.0
4,6,3,P_SOUTH,0,0,0.0
4,6,4,P_WEST,0,0,0.0326
5,6,0,P_CENTRAL,0,0,0.0411
5,6,1,P_EAST,0,0,0.0
5,6,2,P_NORTH,0,0,0.0177
5,6,3,P_SOUTH,0,0,0.0561
5,6,4,P_WEST,0,0,0.0602
6,6,0,P_CENTRAL,0,0,0.0798
6,6,1,P_EAST,0,0,0.0319
6,6,2,P_NORTH,0,0,0.0005
6,6,3,P_SOUTH,0,0,0.0
6,6,4,P_WEST,0,0,0.0409
7,6,0,P_CENTRAL,0,0,0.0727
7,6,1,P_EAST,0,0,0.0966
7,6,2,P_NORTH,0,0,0.095
7,6,3,P_SOUTH,0,0,0.0315
7,6,4,P_WEST,0,0,0.0
8,6,0,P_CENTRAL,0,0,0.0675
8,6,1,P_EAST,0,0,0.0716
8,6,2,P_NORTH,0,0,0.0631
8,6,3,P_SOUTH,0,0,0.0282
8,6,4,P_WEST,0,0,0.0664
9,6,0,P_CENTRAL,0,0,0.0827
9,6,1,P_EAST,0,0,0.0555
9,6,2,P_NORTH,0,0,0.1037
9,6,3,P_SOUTH,0,0,0.0497
9,6,4,P_WEST,0,0,0.0819
10,6,0,P_CENTRAL,0,0,0.1307
10,6,1,P_EAST,0,0,0.0483
10,6,2,P_NORTH,0,0,0.087
10,6,3,P_SOUTH,0,0,0.1341
10,6,4,P_WEST,0,0,0.0375
11,6,0,P_CENTRAL,0,0,0.0414
11,6,1,P_EAST,0,0,0.0243
11,6,2,P_NORTH,0,0,0.113
11,6,3,P_SOUTH,0,0,0.0818
11,6,4,P_WEST,0,0,0.0837
12,6,0,P_CENTRAL,0,0,0.1684
12,6,1,P_EAST,0,0,0.0
12,6,2,P_NORTH,0,0,0.1221
12,6,3,P_SOUTH,0,0,0.139
12,6,4,P_WEST,0,0,0.0389
13,6,0,P_CENTRAL,0,0,0.0877
13,6,1,P_EAST,0,0,0.0505
13,6,2,P_NORTH,0,0,0.0555
13,6,3,P_SOUTH,0,0,0.0527
13,6,4,P_WEST,0,0,0.1292
14,6,0,P_CENTRAL,0,0,0.1538
14,6,1,P_EAST,0,0,0.0495
14,6,2,P_NORTH,0,0,0.1474
14,6,3,P_SOUTH,0,0,0.0527
14,6,4,P_WEST,0,0,0.1264
15,6,0,P_CENTRAL,0,0,0.0538
15,6,1,P_EAST,0,0,0.0503
15,6,2,P_NORTH,0,0,0.0656
15,6,3,P_SOUTH,0,0,0.1639
15,6,4,P_WEST,0,0,0.0744
16,6,0,P_CENTRAL,0,0,0.0104
16,6,1,P_EAST,0,0,0.0691
16,6,2,P_NORTH,0,0,0.0199
16,6,3,P_SOUTH,0,0,0.0052
16,6,4,P_WEST,0,0,0.0635
17,6,0,P_CENTRAL,0,0,0.0267
17,6,1,P_EAST,0,0,0.0311
17,6,2,P_NORTH,0,0,0.0231
17,6,3,P_SOUTH,0,0,0.0297
17,6,4,P_WEST,0,0,0.0348
18,6,0,P_CENTRAL,0,0,0.0
18,6,1,P_EAST,0,0,0.0403
18,6,2,P_NORTH,0,0,0.0
18,6,3,P_SOUTH,0,0,0.0
18,6,4,P_WEST,0,0,0.0098
19,6,0,P_CENTRAL,0,0,0.0164
19,6,1,P_EAST,0,0,0.0
19,6,2,P_NORTH,0,0,0.0448
19,6,3,P_SOUTH,0,0,0.0
19,6,4,P_WEST,0,0,0.0
20,6,0,P_CENTRAL,0,0,0.0
20,6,1,P_EAST,0,0,0.0067
20,6,2,P_NORTH,0,0,0.0209
20,6,3,P_SOUTH,0,0,0.0
20,6,4,P_WEST,0,0,0.0367
21,6,0,P_CENTRAL,0,0,0.0127
21,6,1,P_EAST,0,0,0.0
21,6,2,P_NORTH,0,0,0.0
21,6,3,P_SOUTH,0,0,0.006
21,6,4,P_WEST,0,0,0.0
22,6,0,P_CENTRAL,0,0,0.0057
22,6,1,P_EAST,0,0,0.0066
22,6,2,P_NORTH,0,0,0.0177
22,6,3,P_SOUTH,0,0,0.0442
22,6,4,P_WEST,0,0,0.0
23,6,0,P_CENTRAL,0,0,0.0
23,6,1,P_EAST,0,0,0.0
23,6,2,P_NORTH,0,0,0.0202
23,6,3,P_SOUTH,0,0,0.056
23,6,4,P_WEST,0,0,0.0
0,0,0,P_CENTRAL,0,1,0.0
0,0,1,P_EAST,0,1,0.0
0,0,2,P_NORTH,0,1,0.0135
0,0,3,P_SOUTH,0,1,0.0095
0,0,4,P_WEST,0,1,0.0298
1,0,0,P_CENTRAL,0,1,0.0316
1,0,1,P_EAST,0,1,0.0765
1,0,2,P_NORTH,0,1,0.012
1,0,3,P_SOUTH,0,1,0.0
1,0,4,P_WEST,0,1,0.05
2,0,0,P_CENTRAL,0,1,0.0
2,0,1,P_EAST,0,1,0.0582
2,0,2,P_NORTH,0,1,0.0523
2,0,3,P_SOUTH,0,1,0.0288
2,0,4,P_WEST,0,1,0.1016
3,0,0,P_CENTRAL,0,1,0.0544
3,0,1,P_EAST,0,1,0.1446
3,0,2,P_NORTH,0,1,0.0613
3,0,3,P_SOUTH,0,1,0.0
3,0,4,P_WEST,0,1,0.0584
4,0,0,P_CENTRAL,2,1,0.0887
4,0,1,P_EAST,2,1,0.0731
4,0,2,P_NORTH,2,1,0.1327
4,0,3,P_SOUTH,2,1,0.1064
4,0,4,P_WEST,2,1,0.0674
5,0,0,P_CENTRAL,2,1,0.2729
5,0,1,P_EAST,2,1,0.235
5,0,2,P_NORTH,2,1,0.2221
5,0,3,P_SOUTH,2,1,0.1994
5,0,4,P_WEST,2,1,0.0837
6,0,0,P_CENTRAL,4,1,0.3615
6,0,1,P_EAST,4,1,0.2585
6,0,2,P_NORTH,4,1,0.3366
6,0,3,P_SOUTH,4,1,0.2164
6,0,4,P_WEST,4,1,0.2557
7,0,0,P_CENTRAL,6,1,0.5632
7,0,1,P_EAST,6,1,0.4631
7,0,2,P_NORTH,6,1,0.4961
7,0,3,P_SOUTH,6,1,0.3674
7,0,4,P_WEST,6,1,0.3998
8,0,0,P_CENTRAL,9,1,0.8083
8,0,1,P_EAST,9,1,0.6658
8,0,2,P_NORTH,9,1,0.7666
8,0,3,P_SOUTH,9,1,0.5175
8,0,4,P_WEST,9,1,0.5776
9,0,0,P_CENTRAL,10,1,0.9665
9,0,1,P_EAST,10,1,0.7976
9,0,2,P_NORTH,10,1,0.8946
9,0,3,P_SOUTH,10,1,0.6285
9,0,4,P_WEST,10,1,0.7155
10,0,0,P_CENTRAL,8,1,1.0
10,0,1,P_EAST,8,1,1.0
10,0,2,P_NORTH,8,1,1.0
10,0,3,P_SOUTH,8,1,0.8058
10,0,4,P_WEST,8,1,0.8934
11,0,0,P_CENTRAL,10,1,1.0
11,0,1,P_EAST,10,1,0.8141
11,0,2,P_NORTH,10,1,0.9911
11,0,3,P_SOUTH,10,1,0.8381
11,0,4,P_WEST,10,1,0.8991
12,0,0,P_CENTRAL,10,1,1.0
12,0,1,P_EAST,10,1,0.9315
12,0,2,P_NORTH,10,1,1.0
12,0,3,P_SOUTH,10,1,0.8006
12,0,4,P_WEST,10,1,0.9697
13,0,0,P_CENTRAL,8,1,1.0
13,0,1,P_EAST,8,1,1.0
13,0,2,P_NORTH,8,1,1.0
13,0,3,P_SOUTH,8,1,0.7799
13,0,4,P_WEST,8,1,0.8756
14,0,0,P_CENTRAL,10,1,1.0
14,0,1,P_EAST,10,1,0.9054
14,0,2,P_NORTH,10,1,1.0
14,0,3,P_SOUTH,10,1,0.7903
14,0,4,P_WEST,10,1,0.917
15,0,0,P_CENTRAL,10,1,1.0
15,0,1,P_EAST,10,1,0.9558
15,0,2,P_NORTH,10,1,1.0
15,0,3,P_SOUTH,10,1,0.8447
15,0,4,P_WEST,10,1,0.84
16,0,0,P_CENTRAL,5,1,0.9299
16,0,1,P_EAST,5,1,0.8487
16,0,2,P_NORTH,5,1,0.8675
16,0,3,P_SOUTH,5,1,0.6365
16,0,4,P_WEST,5,1,0.7586
17,0,0,P_CENTRAL,7,1,0.7205
17,0,1,P_EAST,7,1,0.665
17,0,2,P_NORTH,7,1,0.7452
17,0,3,P_SOUTH,7,1,0.5868
17,0,4,P_WEST,7,1,0.6331
18,0,0,P_CENTRAL,5,1,0.6285
18,0,1,P_EAST,5,1,0.593
18,0,2,P_NORTH,5,1,0.6176
18,0,3,P_SOUTH,5,1,0.4905
18,0,4,P_WEST,5,1,0.5746
19,0,0,P_CENTRAL,3,1,0.6849
19,0,1,P_EAST,3,1,0.5763
19,0,2,P_NORTH,3,1,0.5619
19,0,3,P_SOUTH,3,1,0.4782
19,0,4,P_WEST,3,1,0.5203
20,0,0,P_CENTRAL,5,1,0.5002
20,0,1,P_EAST,5,1,0.4366
20,0,2,P_NORTH,5,1,0.4948
20,0,3,P_SOUTH,5,1,0.3864
20,0,4,P_WEST,5,1,0.3779
21,0,0,P_CENTRAL,2,1,0.1884
21,0,1,P_EAST,2,1,0.1278
21,0,2,P_NORTH,2,1,0.1581
21,0,3,P_SOUTH,2,1,0.131
21,0,4,P_WEST,2,1,0.0993
22,0,0,P_CENTRAL,0,1,0.1092
22,0,1,P_EAST,0,1,0.077
22,0,2,P_NORTH,0,1,0.0206
22,0,3,P_SOUTH,0,1,0.1082
22,0,4,P_WEST,0,1,0.0353
23,0,0,P_CENTRAL,0,1,0.0
23,0,1,P_EAST,0,1,0.0
23,0,2,P_NORTH,0,1,0.0011
23,0,3,P_SOUTH,0,1,0.0323
23,0,4,P_WEST,0,1,0.0222
0,1,0,P_CENTRAL,0,1,0.0652
0,1,1,P_EAST,0,1,0.0452
0,1,2,P_NORTH,0,1,0.0484
0,1,3,P_SOUTH,0,1,0.0422
0,1,4,P_WEST,0,1,0.0529
1,1,0,P_CENTRAL,0,1,0.0
1,1,1,P_EAST,0,1,0.0199
1,1,2,P_NORTH,0,1,0.0
1,1,3,P_SOUTH,0,1,0.0296
1,1,4,P_WEST,0,1,0.0307
2,1,0,P_CENTRAL,0,1,0.0962
2,1,1,P_EAST,0,1,0.0901
2,1,2,P_NORTH,0,1,0.0563
2,1,3,P_SOUTH,0,1,0.0147
2,1,4,P_WEST,0,1,0.0575
3,1,0,P_CENTRAL,0,1,0.0582
3,1,1,P_EAST,0,1,0.0621
3,1,2,P_NORTH,0,1,0.1098
3,1,3,P_SOUTH,0,1,0.0284
3,1,4,P_WEST,0,1,0.0878
4,1,0,P_CENTRAL,1,1,0.1588
4,1,1,P_EAST,1,1,0.065
4,1,2,P_NORTH,1,1,0.1557
4,1,3,P_SOUTH,1,1,0.1121
4,1,4,P_WEST,1,1,0.0964
5,1,0,P_CENTRAL,2,1,0.1923
5,1,1,P_EAST,2,1,0.1561
5,1,2,P_NORTH,2,1,0.2227
5,1,3,P_SOUTH,2,1,0.1066
5,1,4,P_WEST,2,1,0.1764
6,1,0,P_CENTRAL,3,1,0.3246
6,1,1,P_EAST,3,1,0.2851
6,1,2,P_NORTH,3,1,0.3362
6,1,3,P_SOUTH,3,1,0.337
6,1,4,P_WEST,3,1,0.2073
7,1,0,P_CENTRAL,7,1,0.576
7,1,1,P_EAST,7,1,0.463
7,1,2,P_NORTH,7,1,0.5101
7,1,3,P_SOUTH,7,1,0.3821
7,1,4,P_WEST,7,1,0.3934
8,1,0,P_CENTRAL,8,1,0.8485
8,1,1,P_EAST,8,1,0.601
8,1,2,P_NORTH,8,1,0.746
8,1,3,P_SOUTH,8,1,0.4794
8,1,4,P_WEST,8,1,0.5516
9,1,0,P_CENTRAL,8,1,0.9882
9,1,1,P_EAST,8,1,0.8178
9,1,2,P_NORTH,8,1,0.8569
9,1,3,P_SOUTH,8,1,0.6121
9,1,4,P_WEST,8,1,0.6354
10,1,0,P_CENTRAL,9,1,1.0
10,1,1,P_EAST,9,1,0.8963
10,1,2,P_NORTH,9,1,1.0
10,1,3,P_SOUTH,9,1,0.8291
10,1,4,P_WEST,9,1,0.9328
11,1,0,P_CENTRAL,9,1,1.0
11,1,1,P_EAST,9,1,1.0
11,1,2,P_NORTH,9,1,1.0
11,1,3,P_SOUTH,9,1,0.814
11,1,4,P_WEST,9,1,0.8973
12,1,0,P_CENTRAL,9,1,1.0
12,1,1,P_EAST,9,1,0.9644
12,1,2,P_NORTH,9,1,1.0
12,1,3,P_SOUTH,9,1,0.7641
12,1,4,P_WEST,9,1,0.8183
13,1,0,P_CENTRAL,9,1,1.0
13,1,1,P_EAST,9,1,0.9362
13,1,2,P_NORTH,9,1,1.0
13,1,3,P_SOUTH,9,1,0.8518
13,1,4,P_WEST,9,1,0.8872
14,1,0,P_CENTRAL,8,1,1.0
14,1,1,P_EAST,8,1,1.0
14,1,2,P_NORTH,8,1,1.0
14,1,3,P_SOUTH,8,1,0.8398
14,1,4,P_WEST,8,1,0.9189
15,1,0,P_CENTRAL,8,1,1.0
15,1,1,P_EAST,8,1,0.9846
15,1,2,P_NORTH,8,1,1.0
15,1,3,P_SOUTH,8,1,0.8408
15,1,4,P_WEST,8,1,0.8361
16,1,0,P_CENTRAL,6,1,0.9995
16,1,1,P_EAST,6,1,0.7503
16,1,2,P_NORTH,6,1,0.8522
16,1,3,P_SOUTH,6,1,0.7453
16,1,4,P_WEST,6,1,0.7745
17,1,0,P_CENTRAL,5,1,0.7709
17,1,1,P_EAST,5,1,0.6097
17,1,2,P_NORTH,5,1,0.7062
17,1,3,P_SOUTH,5,1,0.5759
17,1,4,P_WEST,5,1,0.611
18,1,0,P_CENTRAL,4,1,0.73
18,1,1,P_EAST,4,1,0.5653
18,1,2,P_NORTH,4,1,0.6438
18,1,3,P_SOUTH,4,1,0.4703
18,1,4,P_WEST,4,1,0.5578
19,1,0,P_CENTRAL,2,1,0.5831
19,1,1,P_EAST,2,1,0.5142
19,1,2,P_NORTH,2,1,0.5589
19,1,3,P_SOUTH,2,1,0.4532
19,1,4,P_WEST,2,1,0.5605
20,1,0,P_CENTRAL,2,1,0.4914
20,1,1,P_EAST,2,1,0.4217
20,1,2,P_NORTH,2,1,0.378
20,1,3,P_SOUTH,2,1,0.353
20,1,4,P_WEST,2,1,0.3965
21,1,0,P_CENTRAL,1,1,0.2183
21,1,1,P_EAST,1,1,0.1211
21,1,2,P_NORTH,1,1,0.1961
21,1,3,P_SOUTH,1,1,0.1067
21,1,4,P_WEST,1,1,0.1158
22,1,0,P_CENTRAL,0,1,0.0754
22,1,1,P_EAST,0,1,0.062
22,1,2,P_NORTH,0,1,0.1388
22,1,3,P_SOUTH,0,1,0.0
22,1,4,P_WEST,0,1,0.0
23,1,0,P_CENTRAL,0,1,0.0256
23,1,1,P_EAST,0,1,0.0377
23,1,2,P_NORTH,0,1,0.0696
23,1,3,P_SOUTH,0,1,0.0492
23,1,4,P_WEST,0,1,0.0178
0,2,0,P_CENTRAL,0,0,0.0816
0,2,1,P_EAST,0,0,0.039
0,2,2,P_NORTH,0,0,0.0743
0,2,3,P_SOUTH,0,0,0.0367
0,2,4,P_WEST,0,0,0.0058
1,2,0,P_CENTRAL,0,0,0.072
1,2,1,P_EAST,0,0,0.0389
1,2,2,P_NORTH,0,0,0.0391
1,2,3,P_SOUTH,0,0,0.0871
1,2,4,P_WEST,0,0,0.0
2,2,0,P_CENTRAL,0,0,0.0
2,2,1,P_EAST,0,0,0.0
2,2,2,P_NORTH,0,0,0.0337
2,2,3,P_SOUTH,0,0,0.0246
2,2,4,P_WEST,0,0,0.0
3,2,0,P_CENTRAL,0,0,0.0399
3,2,1,P_EAST,0,0,0.0277
3,2,2,P_NORTH,0,0,0.1686
3,2,3,P_SOUTH,0,0,0.1228
3,2,4,P_WEST,0,0,0.0391
4,2,0,P_CENTRAL,2,0,0.1172
4,2,1,P_EAST,2,0,0.0572
4,2,2,P_NORTH,2,0,0.0404
4,2,3,P_SOUTH,2,0,0.0795
4,2,4,P_WEST,2,0,0.0524
5,2,0,P_CENTRAL,0,0,0.1626
5,2,1,P_EAST,0,0,0.1471
5,2,2,P_NORTH,0,0,0.2069
5,2,3,P_SOUTH,0,0,0.1595
5,2,4,P_WEST,0,0,0.1756
6,2,0,P_CENTRAL,5,0,0.3214
6,2,1,P_EAST,5,0,0.3274
6,2,2,P_NORTH,5,0,0.2998
6,2,3,P_SOUTH,5,0,0.2645
6,2,4,P_WEST,5,0,0.2619
7,2,0,P_CENTRAL,5,0,0.5573
7,2,1,P_EAST,5,0,0.4612
7,2,2,P_NORTH,5,0,0.5299
7,2,3,P_SOUTH,5,0,0.3587
7,2,4,P_WEST,5,0,0.4609
8,2,0,P_CENTRAL,8,0,0.8306
8,2,1,P_EAST,8,0,0.609
8,2,2,P_NORTH,8,0,0.7307
8,2,3,P_SOUTH,8,0,0.5825
8,2,4,P_WEST,8,0,0.6325
9,2,0,P_CENTRAL,9,0,0.9329
9,2,1,P_EAST,9,0,0.8194
9,2,2,P_NORTH,9,0,0.8177
9,2,3,P_SOUTH,9,0,0.5671
9,2,4,P_WEST,9,0,0.6606
10,2,0,P_CENTRAL,8,0,0.9868
10,2,1,P_EAST,8,0,0.7559
10,2,2,P_NORTH,8,0,0.834
10,2,3,P_SOUTH,8,0,0.593
10,2,4,P_WEST,8,0,0.6515
11,2,0,P_CENTRAL,8,0,1.0
11,2,1,P_EAST,8,0,0.7719
11,2,2,P_NORTH,8,0,0.8955
11,2,3,P_SOUTH,8,0,0.6004
11,2,4,P_WEST,8,0,0.6726
12,2,0,P_CENTRAL,8,0,0.9415
12,2,1,P_EAST,8,0,0.6539
12,2,2,P_NORTH,8,0,0.8049
12,2,3,P_SOUTH,8,0,0.5476
12,2,4,P_WEST,8,0,0.59
13,2,0,P_CENTRAL,9,0,1.0
13,2,1,P_EAST,9,0,0.7582
13,2,2,P_NORTH,9,0,0.9116
13,2,3,P_SOUTH,9,0,0.6364
13,2,4,P_WEST,9,0,0.7113
14,2,0,P_CENTRAL,8,0,0.934
14,2,1,P_EAST,8,0,0.781
14,2,2,P_NORTH,8,0,0.8891
14,2,3,P_SOUTH,8,0,0.5969
14,2,4,P_WEST,8,0,0.7024
15,2,0,P_CENTRAL,10,0,0.948
15,2,1,P_EAST,10,0,0.7151
15,2,2,P_NORTH,10,0,0.8126
15,2,3,P_SOUTH,10,0,0.6235
15,2,4,P_WEST,10,0,0.6931
16,2,0,P_CENTRAL,8,0,0.7398
16,2,1,P_EAST,8,0,0.6056
16,2,2,P_NORTH,8,0,0.7068
16,2,3,P_SOUTH,8,0,0.5179
16,2,4,P_WEST,8,0,0.6029
17,2,0,P_CENTRAL,8,0,0.5417
17,2,1,P_EAST,8,0,0.5231
17,2,2,P_NORTH,8,0,0.4945
17,2,3,P_SOUTH,8,0,0.4136
17,2,4,P_WEST,8,0,0.4105
18,2,0,P_CENTRAL,5,0,0.4682
18,2,1,P_EAST,5,0,0.3074
18,2,2,P_NORTH,5,0,0.4229
18,2,3,P_SOUTH,5,0,0.2474
18,2,4,P_WEST,5,0,0.3785
19,2,0,P_CENTRAL,5,0,0.3812
19,2,1,P_EAST,5,0,0.3358
19,2,2,P_NORTH,5,0,0.3372
19,2,3,P_SOUTH,5,0,0.2389
19,2,4,P_WEST,5,0,0.3206
20,2,0,P_CENTRAL,4,0,0.2938
20,2,1,P_EAST,4,0,0.301
20,2,2,P_NORTH,4,0,0.2426
20,2,3,P_SOUTH,4,0,0.2288
20,2,4,P_WEST,4,0,0.2109
21,2,0,P_CENTRAL,2,0,0.1451
21,2,1,P_EAST,2,0,0.1257
21,2,2,P_NORTH,2,0,0.1399
21,2,3,P_SOUTH,2,0,0.0707
21,2,4,P_WEST,2,0,0.1408
22,2,0,P_CENTRAL,0,0,0.105
22,2,1,P_EAST,0,0,0.0856
22,2,2,P_NORTH,0,0,0.1315
22,2,3,P_SOUTH,0,0,0.1084
22,2,4,P_WEST,0,0,0.0403
23,2,0,P_CENTRAL,0,0,0.0623
23,2,1,P_EAST,0,0,0.0121
23,2,2,P_NORTH,0,0,0.0429
23,2,3,P_SOUTH,0,0,0.0063
23,2,4,P_WEST,0,0,0.098
0,3,0,P_CENTRAL,0,0,0.0316
0,3,1,P_EAST,0,0,0.0793
0,3,2,P_NORTH,0,0,0.0
0,3,3,P_SOUTH,0,0,0.0
0,3,4,P_WEST,0,0,0.0601
1,3,0,P_CENTRAL,0,0,0.0463
1,3,1,P_EAST,0,0,0.0444
1,3,2,P_NORTH,0,0,0.0
1,3,3,P_SOUTH,0,0,0.0271
1,3,4,P_WEST,0,0,0.1109
2,3,0,P_CENTRAL,0,0,0.0867
2,3,1,P_EAST,0,0,0.0489
2,3,2,P_NORTH,0,0,0.0301
2,3,3,P_SOUTH,0,0,0.0186
2,3,4,P_WEST,0,0,0.0
3,3,0,P_CENTRAL,0,0,0.088
3,3,1,P_EAST,0,0,0.0947
3,3,2,P_NORTH,0,0,0.0059
3,3,3,P_SOUTH,0,0,0.0232
3,3,4,P_WEST,0,0,0.0082
4,3,0,P_CENTRAL,0,0,0.0894
4,3,1,P_EAST,0,0,0.1024
4,3,2,P_NORTH,0,0,0.0301
4,3,3,P_SOUTH,0,0,0.1064
4,3,4,P_WEST,0,0,0.1199
5,3,0,P_CENTRAL,0,0,0.1199
5,3,1,P_EAST,0,0,0.1318
5,3,2,P_NORTH,0,0,0.2436
5,3,3,P_SOUTH,0,0,0.0289
5,3,4,P_WEST,0,0,0.1397
6,3,0,P_CENTRAL,4,0,0.3136
6,3,1,P_EAST,4,0,0.3149
6,3,2,P_NORTH,4,0,0.2929
6,3,3,P_SOUTH,4,0,0.2468
6,3,4,P_WEST,4,0,0.2756
7,3,0,P_CENTRAL,7,0,0.5406
7,3,1,P_EAST,7,0,0.445
7,3,2,P_NORTH,7,0,0.4271
7,3,3,P_SOUTH,7,0,0.3984
7,3,4,P_WEST,7,0,0.3543
8,3,0,P_CENTRAL,8,0,0.7378
8,3,1,P_EAST,8,0,0.5948
8,3,2,P_NORTH,8,0,0.6115
8,3,3,P_SOUTH,8,0,0.4951
8,3,4,P_WEST,8,0,0.5717
9,3,0,P_CENTRAL,10,0,0.8988
9,3,1,P_EAST,10,0,0.749
9,3,2,P_NORTH,10,0,0.8829
9,3,3,P_SOUTH,10,0,0.54
9,3,4,P_WEST,10,0,0.6316
10,3,0,P_CENTRAL,9,0,1.0
10,3,1,P_EAST,9,0,0.7708
10,3,2,P_NORTH,9,0,0.8765
10,3,3,P_SOUTH,9,0,0.6944
10,3,4,P_WEST,9,0,0.6987
11,3,0,P_CENTRAL,9,0,1.0
11,3,1,P_EAST,9,0,0.7514
11,3,2,P_NORTH,9,0,0.8281
11,3,3,P_SOUTH,9,0,0.6371
11,3,4,P_WEST,9,0,0.6976
12,3,0,P_CENTRAL,9,0,0.9489
12,3,1,P_EAST,9,0,0.7187
12,3,2,P_NORTH,9,0,0.9524
12,3,3,P_SOUTH,9,0,0.6331
12,3,4,P_WEST,9,0,0.6507
13,3,0,P_CENTRAL,9,0,0.9656
13,3,1,P_EAST,9,0,0.7499
13,3,2,P_NORTH,9,0,0.8825
13,3,3,P_SOUTH,9,0,0.5683
13,3,4,P_WEST,9,0,0.6941
14,3,0,P_CENTRAL,8,0,1.0
14,3,1,P_EAST,8,0,0.7786
14,3,2,P_NORTH,8,0,0.845
14,3,3,P_SOUTH,8,0,0.5997
14,3,4,P_WEST,8,0,0.6636
15,3,0,P_CENTRAL,10,0,0.9549
15,3,1,P_EAST,10,0,0.7967
15,3,2,P_NORTH,10,0,0.7907
15,3,3,P_SOUTH,10,0,0.6545
15,3,4,P_WEST,10,0,0.6648
16,3,0,P_CENTRAL,6,0,0.7573
16,3,1,P_EAST,6,0,0.5364
16,3,2,P_NORTH,6,0,0.7112
16,3,3,P_SOUTH,6,0,0.5242
16,3,4,P_WEST,6,0,0.5587
17,3,0,P_CENTRAL,7,0,0.5932
17,3,1,P_EAST,7,0,0.455
17,3,2,P_NORTH,7,0,0.4323
17,3,3,P_SOUTH,7,0,0.357
17,3,4,P_WEST,7,0,0.4072
18,3,0,P_CENTRAL,5,0,0.4891
18,3,1,P_EAST,5,0,0.3729
18,3,2,P_NORTH,5,0,0.4256
18,3,3,P_SOUTH,5,0,0.3573
18,3,4,P_WEST,5,0,0.3763
19,3,0,P_CENTRAL,5,0,0.3854
19,3,1,P_EAST,5,0,0.3054
19,3,2,P_NORTH,5,0,0.2829
19,3,3,P_SOUTH,5,0,0.2582
19,3,4,P_WEST,5,0,0.3291
20,3,0,P_CENTRAL,1,0,0.2416
20,3,1,P_EAST,1,0,0.2368
20,3,2,P_NORTH,1,0,0.2161
20,3,3,P_SOUTH,1,0,0.1553
20,3,4,P_WEST,1,0,0.259
21,3,0,P_CENTRAL,0,0,0.1765
21,3,1,P_EAST,0,0,0.049
21,3,2,P_NORTH,0,0,0.2146
21,3,3,P_SOUTH,0,0,0.1251
21,3,4,P_WEST,0,0,0.1035
22,3,0,P_CENTRAL,0,0,0.1004
22,3,1,P_EAST,0,0,0.0042
22,3,2,P_NORTH,0,0,0.1159
22,3,3,P_SOUTH,0,0,0.0365
22,3,4,P_WEST,0,0,0.0461
23,3,0,P_CENTRAL,0,0,0.0273
23,3,1,P_EAST,0,0,0.0136
23,3,2,P_NORTH,0,0,0.0694
23,3,3,P_SOUTH,0,0,0.0403
23,3,4,P_WEST,0,0,0.059
0,4,0,P_CENTRAL,0,0,0.0606
0,4,1,P_EAST,0,0,0.0147
0,4,2,P_NORTH,0,0,0.1247
0,4,3,P_SOUTH,0,0,0.0
0,4,4,P_WEST,0,0,0.0785
1,4,0,P_CENTRAL,0,0,0.0978
1,4,1,P_EAST,0,0,0.0
1,4,2,P_NORTH,0,0,0.1274
1,4,3,P_SOUTH,0,0,0.0674
1,4,4,P_WEST,0,0,0.0691
2,4,0,P_CENTRAL,0,0,0.0527
2,4,1,P_EAST,0,0,0.0317
2,4,2,P_NORTH,0,0,0.0373
2,4,3,P_SOUTH,0,0,0.0486
2,4,4,P_WEST,0,0,0.0922
3,4,0,P_CENTRAL,0,0,0.0793
3,4,1,P_EAST,0,0,0.02
3,4,2,P_NORTH,0,0,0.0968
3,4,3,P_SOUTH,0,0,0.0829
3,4,4,P_WEST,0,0,0.0767
4,4,0,P_CENTRAL,0,0,0.1448
4,4,1,P_EAST,0,0,0.0793
4,4,2,P_NORTH,0,0,0.0648
4,4,3,P_SOUTH,0,0,0.0388
4,4,4,P_WEST,0,0,0.0152
5,4,0,P_CENTRAL,1,0,0.1895
5,4,1,P_EAST,1,0,0.1335
5,4,2,P_NORTH,1,0,0.0527
5,4,3,P_SOUTH,1,0,0.0734
5,4,4,P_WEST,1,0,0.18
6,4,0,P_CENTRAL,4,0,0.2873
6,4,1,P_EAST,4,0,0.2603
6,4,2,P_NORTH,4,0,0.2227
6,4,3,P_SOUTH,4,0,0.2582
6,4,4,P_WEST,4,0,0.2143
7,4,0,P_CENTRAL,4,0,0.5674
7,4,1,P_EAST,4,0,0.4323
7,4,2,P_NORTH,4,0,0.4083
7,4,3,P_SOUTH,4,0,0.2795
7,4,4,P_WEST,4,0,0.3195
8,4,0,P_CENTRAL,5,0,0.6754
8,4,1,P_EAST,5,0,0.509
8,4,2,P_NORTH,5,0,0.565
8,4,3,P_SOUTH,5,0,0.4774
8,4,4,P_WEST,5,0,0.4546
9,4,0,P_CENTRAL,8,0,0.8313
9,4,1,P_EAST,8,0,0.7199
9,4,2,P_NORTH,8,0,0.7481
9,4,3,P_SOUTH,8,0,0.5675
9,4,4,P_WEST,8,0,0.5512
10,4,0,P_CENTRAL,10,0,0.9348
10,4,1,P_EAST,10,0,0.7776
10,4,2,P_NORTH,10,0,0.8986
10,4,3,P_SOUTH,10,0,0.6209
10,4,4,P_WEST,10,0,0.6278
11,4,0,P_CENTRAL,9,0,0.9129
11,4,1,P_EAST,9,0,0.6893
11,4,2,P_NORTH,9,0,0.8644
11,4,3,P_SOUTH,9,0,0.665
11,4,4,P_WEST,9,0,0.6795
12,4,0,P_CENTRAL,9,0,0.8796
12,4,1,P_EAST,9,0,0.7524
12,4,2,P_NORTH,9,0,0.8535
12,4,3,P_SOUTH,9,0,0.7038
12,4,4,P_WEST,9,0,0.6217
13,4,0,P_CENTRAL,10,0,1.0
13,4,1,P_EAST,10,0,0.778
13,4,2,P_NORTH,10,0,0.8825
13,4,3,P_SOUTH,10,0,0.6246
13,4,4,P_WEST,10,0,0.6932
14,4,0,P_CENTRAL,8,0,1.0
14,4,1,P_EAST,8,0,0.7276
14,4,2,P_NORTH,8,0,0.8951
14,4,3,P_SOUTH,8,0,0.5651
14,4,4,P_WEST,8,0,0.6931
15,4,0,P_CENTRAL,9,0,0.7653
15,4,1,P_EAST,9,0,0.618
15,4,2,P_NORTH,9,0,0.6754
15,4,3,P_SOUTH,9,0,0.462
15,4,4,P_WEST,9,0,0.5396
16,4,0,P_CENTRAL,6,0,0.5187
16,4,1,P_EAST,6,0,0.4539
16,4,2,P_NORTH,6,0,0.453
16,4,3,P_SOUTH,6,0,0.3883
16,4,4,P_WEST,6,0,0.3473
17,4,0,P_CENTRAL,3,0,0.3719
17,4,1,P_EAST,3,0,0.364
17,4,2,P_NORTH,3,0,0.3651
17,4,3,P_SOUTH,3,0,0.2452
17,4,4,P_WEST,3,0,0.2982
18,4,0,P_CENTRAL,5,0,0.2231
18,4,1,P_EAST,5,0,0.2391
18,4,2,P_NORTH,5,0,0.3524
18,4,3,P_SOUTH,5,0,0.2018
18,4,4,P_WEST,5,0,0.2182
19,4,0,P_CENTRAL,0,0,0.2778
19,4,1,P_EAST,0,0,0.1097
19,4,2,P_NORTH,0,0,0.1473
19,4,3,P_SOUTH,0,0,0.1631
19,4,4,P_WEST,0,0,0.1411
20,4,0,P_CENTRAL,1,0,0.212
20,4,1,P_EAST,1,0,0.1123
20,4,2,P_NORTH,1,0,0.064
20,4,3,P_SOUTH,1,0,0.0512
20,4,4,P_WEST,1,0,0.0018
21,4,0,P_CENTRAL,0,0,0.0722
21,4,1,P_EAST,0,0,0.0564
21,4,2,P_NORTH,0,0,0.0553
21,4,3,P_SOUTH,0,0,0.0953
21,4,4,P_WEST,0,0,0.1051
22,4,0,P_CENTRAL,0,0,0.0305
22,4,1,P_EAST,0,0,0.0
22,4,2,P_NORTH,0,0,0.0578
22,4,3,P_SOUTH,0,0,0.0461
22,4,4,P_WEST,0,0,0.0385
23,4,0,P_CENTRAL,0,0,0.0603
23,4,1,P_EAST,0,0,0.0
23,4,2,P_NORTH,0,0,0.099
23,4,3,P_SOUTH,0,0,0.0
23,4,4,P_WEST,0,0,0.0447
